{"cameraMode":{"drawMode":0,"name":"Shaded","section":"Shading Mode"},"sceneLighting":false,"audioPlay":false,"sceneViewState":{"showFog":true,"showMaterialUpdate":false,"showSkybox":false,"showFlares":true,"showImageEffects":true,"showParticleSystems":true,"showVisualEffectGraphs":true,"m_FxEnabled":true},"in2DMode":false,"pivot":{"x":-7.227928638458252,"y":0.040441662073135379,"z":-1.5499801635742188},"rotation":{"x":0.07504764944314957,"y":-0.6068167686462402,"z":0.057704947888851169,"w":0.7891744375228882},"size":7.835888385772705,"orthographic":false}